track_name_encoded,artist_encoded,album_encoded,release_year,duration_min,Cluster
-1.2012535429884414,1.1559648953553225,-0.9581707571639074,-0.6084239905907582,-0.668429993079189,5
-0.38025984586075906,-1.3809004374994052,-1.6399689594257585,-0.7838880172051209,-0.29847919021329555,0
0.1773962503014403,0.6208448642062784,-1.3940037851920526,0.6198241957097804,0.30187380111805934,2
-0.8449732593292586,1.2748804578328878,-1.6227082454444457,0.6198241957097804,0.3947386079848666,5
-1.6582217328991327,-1.28841055557241,-1.4587314626219752,-1.310280097048209,-0.3657007788574062,0
0.3555363921310318,-0.819354725799791,0.3104917204625748,1.1462162755528684,-0.3844207149355133,4
1.6257530556115969,1.7307234473302218,1.6223059830423388,0.6198241957097804,-1.6242490433482335,4
-0.14790313912650935,-1.2223463541959847,-0.8416609377900468,0.09343211586669244,0.13904129928163378,0
0.599510934201994,-0.5286722397435201,1.2684613464254286,-1.1348160704338464,0.7776077138468097,3
0.6576001108855564,1.479679482099806,0.642760464602844,0.4443601690954178,-0.7249378992984336,1
0.3594090039099359,0.6340577044815634,0.3148068989579029,0.9707522489385059,-0.7030850813560154,4
-0.26795410427253835,-0.08604209052147122,-0.24616630543475923,0.4443601690954178,0.26064352868156765,0
0.4407338512669233,1.0040172321895446,0.39248011187381004,0.7952882223241432,0.36855390400784543,1
1.1958931481532349,-0.46921445850473736,1.1648970625375525,1.3216803021672312,-1.1984478526790618,4
1.0177530063236435,-0.6608006424963705,0.9361926022851595,1.3216803021672312,-1.0174175617419141,4
0.3710268392466484,1.1691777356306077,-0.8244002238087341,-0.08203191074767024,0.20345876526941706,2
-0.19437448047335928,0.7133347461332737,-0.17280827101418034,-0.2574959373620329,0.30986071599435927,1
-0.4306037989865132,-0.8061418855245059,-0.4015127312665734,1.1462162755528684,-0.9615865127155765,0
-0.10530440955856356,0.11215051360780438,-0.07355916562163241,-0.08203191074767024,-0.623041883600556,5
-0.03172478575938447,-1.2091335139206996,-0.9797466496405483,0.7952882223241432,-0.49097737587597756,0
-0.2524636571569217,-1.1694949930948444,-1.4630466411173033,-1.836672176891297,0.5504351011303612,6
-1.3910115201547455,0.7661861072344138,-1.3077002152854893,-0.08203191074767024,0.946744656965739,5
-0.9495337773596709,0.7001219058579886,0.06021136773354088,-0.43295996397639563,-0.14059741527355882,5
1.3740332899828265,-0.3040539550636744,0.845573853883268,-0.43295996397639563,-0.5663212508349696,4
-0.6358522232684338,1.0832942738412548,0.6513908215935003,-0.43295996397639563,0.42332132030247205,1
-0.7210496824043253,1.3739767598975257,-1.027213613089158,0.7952882223241432,0.2470483684926115,5
1.1920205363743308,1.631627145265584,1.1605818840422244,0.09343211586669244,-0.2834722993077052,1
-0.24084582182020925,-1.1166436319937043,-1.1135171829957216,-3.0649203631918356,0.4854568106113124,6
-1.5575338266476244,-0.350298896027172,-0.5525439786030594,0.7952882223241432,-0.6205278425983312,0
-0.18662925691555096,-1.0770051111678491,-0.9409100431825947,-1.310280097048209,0.41276234809312706,2
-1.3135592845766622,-0.6145557015328729,-0.5827502280703566,-0.6084239905907582,0.615374714095529,0
-1.3677758494813204,0.09233125319487683,-1.2602332518368793,-1.1348160704338464,0.8773958028582061,6
-1.6504765093413243,1.09650711411654,-1.579556460491164,1.1462162755528684,-0.7297532547565418,5
-0.20986492758897593,0.23767249622301226,-0.18575380650016485,0.7952882223241432,-1.9760794122211662,5
1.5831543260436511,-0.9646959688279264,1.5618934841077443,-0.08203191074767024,0.03886643473143308,3
-1.6853300153514619,-0.4758208786423799,-0.6431627270049509,-0.08203191074767024,4.307824089171299,6
1.4127594077718681,-1.506422420114613,1.4151774152665866,1.3216803021672312,-1.0700383737961798,4
0.8047593584839146,1.1097199543918248,0.772215819462689,0.2688961424810551,-0.16303039652418264,1
0.37877206280445674,-1.3875068576370477,0.340697969929872,0.4443601690954178,-1.3288298868098436,4
-1.1586548134204957,-0.4427887779541673,-1.1221475399863778,1.1462162755528684,-1.0259072848186586,0
1.5173199258022805,1.0832942738412548,1.505796163668478,-0.08203191074767024,-0.027020778303804623,1
-0.30668022206158,-1.3610811770864775,-1.4932528905846005,-0.6084239905907582,-0.34249424652917454,0
1.0371160652181644,-0.12568061134732633,-0.5654895140890439,0.2688961424810551,-0.3551418066480607,2
1.1223135243540558,0.8851016697119792,1.0440720646683639,-0.08203191074767024,-0.6689328012796344,4
-0.6784509528363796,-1.2421656146089122,-0.6561082624909355,1.1462162755528684,-1.320842971933544,0
-0.04334262109609696,0.8983145099872643,0.1724060086120733,-0.2574959373620329,0.9707247403715785,1
-0.879826765339396,-0.13228703148496887,1.5575783056124162,-1.4857441236625717,-0.07149996526624879,3
0.599510934201994,-0.7268648438727957,0.5650872516869369,1.1462162755528684,-1.4265487266886396,4
0.766033240694873,-0.13889345162261138,0.25870957851863674,0.4443601690954178,-0.37463529380377564,4
0.9131924882932311,-0.42957593767888225,0.0861024387055099,-1.1348160704338464,0.8797938111987909,3
-1.1238013074103583,0.5679935031051383,-1.0876261120237525,0.6198241957097804,-0.6070487150710164,5
0.08832617938664455,-1.6121251423168934,1.0138658152010667,0.6198241957097804,-1.1909637460032076,4
1.5211925375811846,-0.7136520035975106,0.49172921726635793,0.6198241957097804,-0.5175875329456833,4
0.9674090531978894,1.4268281209986657,0.5866631441635777,-0.6084239905907582,1.1409059774452777,1
0.2471032623217152,1.2286355168693903,0.189666722593386,0.7952882223241432,0.669310562981728,1
0.6111287695387064,0.2244596559477272,0.5823479656682495,0.09343211586669244,-0.7531725136311153,4
0.30519243900527765,-0.171925552310824,-1.3724278927154119,-0.7838880172051209,0.647651132808712,2
0.4446064630458275,0.9115273502625493,-0.013146666687038023,-1.310280097048209,0.6981833569534366,1
-0.41124074009199235,0.819037468335554,-0.8502912947807031,0.4443601690954178,-1.2944842189640609,5
-0.9960051187065209,-1.3346554965359074,-0.9668011141545637,1.1462162755528684,-1.00099894011969,0
1.0448612887759727,-0.0794356703838287,-0.6819993334629045,-2.01213620350566,1.0362251778680123,2
1.7032052911896802,0.4688972010405005,1.4885354496871654,-0.43295996397639563,0.0600037179270641,4
-1.5807694973210493,-1.176101413232487,-1.5105136045659133,0.4443601690954178,-1.0208792028142084,0
1.1997657599321392,1.3739767598975257,-0.4576100517058396,-1.1348160704338464,2.218520644883658,6
-0.31442544561938834,-1.4866031597016856,-0.2979484473786973,0.09343211586669244,0.21074948417586947,0
-1.119928695631454,0.5745999232427808,-1.0789957550330962,1.1462162755528684,0.2987795968076284,5
-1.545915991310912,0.4160458399393603,-1.4716769981079598,0.2688961424810551,-1.2881604389046175,5
-0.9456611655807667,0.8124310481979115,-0.9279645076966102,1.1462162755528684,-1.0502741437633023,5
-0.4073681283130882,-1.0175473299290665,-0.22890559145344655,0.09343211586669244,1.044289447852073,0
-1.3948841319336496,1.0304429127401147,1.2986675958927258,-1.836672176891297,-0.06815435685559544,1
-1.5768968855421452,-0.667407062634013,-1.5018832475752568,0.2688961424810551,-0.30489966415743924,0
-1.5807694973210493,1.3937960203104534,0.7894765334440017,-1.836672176891297,-0.28989277325184937,1
0.3206828861208943,-0.43618235781652476,0.2716551140046212,0.7952882223241432,0.30475527888214843,4
-0.6978140117309004,0.4688972010405005,-1.575241281995836,-1.310280097048209,-1.8676855674713841,5
1.5676638789280346,0.4622907809028579,1.5489479486217599,1.1462162755528684,-0.6969353502890346,4
-1.6737121800147492,1.3739767598975257,-1.5925019959771485,0.4443601690954178,3.1257993650328166,6
0.2277402034271944,-1.559273781215753,-1.6485993164164148,-1.6612081502769345,-0.24375045147254856,2
-1.166400036978304,1.2088162564564626,-1.1307778969770343,0.2688961424810551,0.2018729855603207,5
0.18901408563815278,-0.8061418855245059,0.38816493337848185,-1.310280097048209,0.22167589314707833,3
0.48720519261377326,-0.7136520035975106,0.4658381462943889,0.9707522489385059,0.6257983148662934,4
1.455358137339814,1.3739767598975257,-0.4576100517058396,-1.1348160704338464,0.13596643374814296,2
0.3826446745833609,-0.6013428612575877,0.34501314842520014,0.7952882223241432,-0.5831266479959977,4
1.718695738305297,1.6910849265043666,1.682718481976933,1.1462162755528684,-0.39447687894441386,4
1.0603517358915893,-1.5658802013533957,0.9707140302477849,0.09343211586669244,-0.7964720352002076,4
-1.1741452605361125,-0.7797162049739358,-1.1350930754723625,-0.43295996397639563,0.2968263803366692,0
-1.3406675670289914,-0.6938327431845831,-1.2472877163508949,0.7952882223241432,-0.8971303691739131,0
0.5375491457395274,0.4424715204899304,-1.1048868260050653,-0.43295996397639563,-0.37755544912174493,2
0.8086319702628187,-0.44939519809180983,0.7765309979580172,1.1462162755528684,-0.4394588741073034,4
1.4902116433499513,-1.4139325381876178,1.2123640259861626,0.6198241957097804,-0.9069351290825909,4
-0.02785217398048031,-1.4007196979123326,-1.5061984260705852,-3.5913124430349237,0.3333186524228129,6
-1.4142471908281704,-1.4866031597016856,-1.3206457507714737,0.9707522489385059,-0.9222321016422833,0
1.6567339498428304,-0.9316638681397138,1.6611425895002923,-1.1348160704338464,0.9127277483279395,3
-0.17501142157883848,0.8917080898496217,-0.15554755703286766,1.1462162755528684,-2.0218156196847232,5
-1.02311340115885,1.453253801549236,-0.9883770066312046,0.09343211586669244,-0.7447408068851912,5
1.4824664197921429,-0.38993741685302713,1.45401402172454,1.1462162755528684,-1.411870594991033,4
0.982899500313506,-0.4097566772659547,1.1735274195282088,-1.1348160704338464,0.22374514227967943,3
1.5018294786866637,-0.5352786598811625,1.4755899142011808,-0.9593520438194837,0.6489274920867648,3
-0.9688968362541918,1.2682740376952453,1.6654577679956204,-0.08203191074767024,0.7159750317384143,1
1.7148231265263927,-1.162888572957202,1.3763408088086329,0.2688961424810551,0.42840741863774284,3
-1.7434191920350242,-1.4139325381876178,0.8800952818458934,0.09343211586669244,-0.23988269608451027,0
0.7737784642526813,-0.8061418855245059,-1.6831207443790401,0.09343211586669244,-0.008590923879800597,2
1.1184409125751518,-0.8391739862127184,1.0354417076777074,0.09343211586669244,0.25352685876757636,3
0.061217896934315424,1.0832942738412548,0.9059863528178623,-0.7838880172051209,0.21214187611556312,1
-0.0394700093171928,-1.4601774791511153,-0.2202752344627902,-0.6084239905907582,-0.27442175169969524,0
0.909319876514327,-0.9118446077267862,1.4324381292478992,0.09343211586669244,0.4508984162191869,3
-0.09368657422185107,0.7595796870967714,-1.5493502110238668,-0.7838880172051209,1.031583871402365,2
1.4476129137820055,-0.7202584237351531,1.4410684862385554,0.9707522489385059,0.46321721713009034,4
0.18514147385924862,0.39622657952643275,0.13788458064944795,0.2688961424810551,-0.19153575373402734,1
0.2819567683318527,-1.0307601702043516,0.6772818925654693,0.2688961424810551,-0.553944433593246,4
-1.5846421090999536,-0.9250574480020712,-1.173929681930316,-0.08203191074767024,1.764194758227701,6
1.0487339005548768,0.34998163856293507,1.479905092696509,0.6198241957097804,0.014364204348208627,4
-0.473202528554459,-1.4667838992887579,-0.4446645162198551,-0.2574959373620329,-0.4616791288115854,0
1.5521734318124178,-0.9052381875891437,0.4701533247897171,-3.0649203631918356,1.3031002996426764,3
-0.48482036389117145,1.3739767598975257,1.2900372389020696,-0.9593520438194837,3.9803605792430097,6
1.075842183007206,-1.6187315624545358,0.7635854624720327,0.09343211586669244,-0.0804151414356777,3
0.07283573227102791,1.2682740376952453,0.021374761275587344,0.2688961424810551,0.42382412850291695,1
-1.3755210730391287,1.3739767598975257,-1.5968171744724766,0.4443601690954178,0.012565698092770972,5
0.8899568176198062,-1.3280490763982649,-0.518022550640434,0.4443601690954178,-0.3164642527676749,0
1.1106956890173434,0.6010256037933509,0.0731569032195254,0.4443601690954178,-0.8693792242647357,4
0.7273071229058313,0.5283549822792831,0.6902274280514538,-0.08203191074767024,0.9324533008069352,1
-0.8643363182237793,0.7133347461332737,-0.6043261205469974,-1.310280097048209,0.2745287705246264,6
-0.8256102004347378,1.4466473814115934,0.2759702924999494,0.4443601690954178,-0.7737296335185402,5
1.3081988897414556,-1.2421656146089122,1.3202434883693668,0.7952882223241432,-1.0548767726750679,4
-1.379393684818033,1.5259244230633036,-1.2990698582948328,1.1462162755528684,-1.4021625289670556,5
0.6304918284332273,-1.5856994617663231,0.6082390366402186,1.1462162755528684,-1.3511661741757666,4
-1.3832662965969371,1.2682740376952453,-1.7046966368556808,-0.6084239905907582,0.6272680619137488,5
0.6614727226644606,-1.493209579839328,-0.6086412990423256,-2.538528283348748,1.3771097989927954,6
-1.4452280850594037,1.3277318189340281,0.43563189682709175,-2.1876002301200224,0.5795786379792318,6
-0.7713936355300794,0.475503621178143,-0.7251511184161862,0.9707522489385059,0.020571951746010543,5
0.06509050871321959,-0.08604209052147122,0.5737176086775932,-0.43295996397639563,0.663895705438474,3
-1.5110624853007744,1.0832942738412548,-1.432840391650006,0.09343211586669244,0.16464583995044882,5
1.722568350084201,1.261667617557603,1.6956640174629176,0.4443601690954178,-0.5825851622416721,4
-0.008489115085959498,1.0832942738412548,0.6168693936308749,0.4443601690954178,0.13668196849493008,1
0.7699058524737771,1.3739767598975257,-1.5968171744724766,0.4443601690954178,0.31397987548262046,2
0.622746604875419,-1.36768759722412,0.6039238581448904,0.2688961424810551,-0.6914431376380195,4
0.7853962995893937,0.475503621178143,0.12062386666813527,-1.836672176891297,-0.1728351564328608,3
0.11156185006006954,0.43586510035228787,1.0397568861730355,0.7952882223241432,-1.2596164041408926,4
-1.2825783903454289,1.3739767598975257,0.2069274365746987,0.09343211586669244,0.5604912651392623,5
-1.4878268146273494,-1.0307601702043516,-1.4069493206780372,0.7952882223241432,0.12917852304213492,0
0.29357460366856514,0.9709851315013319,0.24144886453732406,1.3216803021672312,-1.4903280130373961,4
1.6799696205162553,0.16500187470894453,-0.11671095057491412,0.7952882223241432,-2.2052052414085743,4
0.20837714453267359,-1.0307601702043516,0.15083011613543246,0.6198241957097804,0.0825720706162694,0
-1.619495615110091,-1.4866031597016856,1.5187416991544627,0.6198241957097804,-0.3933165523280021,0
-1.5614064384265285,0.09893767333251934,-0.4705555871918241,-0.43295996397639563,1.8502523156115607,6
0.04572744981869877,0.13196977402073193,0.00411404729427466,1.1462162755528684,-1.4340521721414339,4
1.246237101278989,-0.3833309967153846,1.246885453948788,1.1462162755528684,-1.3168978614377445,4
0.9286829354088478,-0.08604209052147122,0.5737176086775932,-0.43295996397639563,0.026992425690154736,3
1.4166320195507722,0.09893767333251934,1.302982774388054,-0.6084239905907582,1.1094611261405236,3
-0.48869297567007564,-1.2619848750218399,-0.46192523020116777,0.6198241957097804,-0.4892368859513601,0
0.9906447238713144,1.1097199543918248,-0.5784350495750283,-0.43295996397639563,0.14484293236369122,2
1.4282498548874847,-0.0794356703838287,-0.6819993334629045,-2.01213620350566,4.818889947369783,6
1.575409102485843,1.2682740376952453,0.017059582780259173,0.2688961424810551,-0.5420704245519676,4
-1.0386038482744666,-1.4866031597016856,-0.9926921851265328,0.09343211586669244,0.791783037343972,0
0.8977020411776144,0.5613870829674957,-0.2763725549020564,-2.01213620350566,0.15076059810739056,2
-0.4693299167755548,1.4202217008610234,-0.4317189807338706,0.9707522489385059,-1.1330634478442685,5
1.0526065123337809,0.09893767333251934,-1.2559180733415511,-0.9593520438194837,1.2770703058811772,2
0.2974472154474693,0.43586510035228787,1.0829086711263174,-0.08203191074767024,0.2729816683694112,1
-0.6629605057207629,-0.13889345162261138,-0.6517930839956073,0.7952882223241432,0.6587902683262632,0
0.36715422746774423,0.3896201593887902,-0.09945023659360144,0.2688961424810551,0.3424658939155251,1
-1.0734573542846042,-1.4866031597016856,-0.9926921851265328,0.09343211586669244,0.23766906167661833,0
1.5715364907069387,1.6646592459537966,1.553263127117088,1.1462162755528684,-0.6171435566337973,4
-0.7481579648566545,0.0857248330572343,-0.8546064732760313,0.2688961424810551,-2.079329142304857,5
-0.3608967869662383,-0.8061418855245059,-0.34973058932263534,0.7952882223241432,-0.46707464757789835,0
-1.0192407893799458,-0.6409813820834429,1.6999791959582458,-0.08203191074767024,0.755174732596186,3
-1.69307523890927,0.5349614024169257,-1.6442841379210866,1.3216803021672312,-0.2662027715001129,5
0.31293766256308597,1.6250207251279414,0.8585193893692524,-0.08203191074767024,0.27145390499113553,1
0.9170651000721353,1.3607639196222407,0.1292542236587916,-0.6084239905907582,-0.27641364572453464,1
1.4669759726765264,0.0857248330572343,-0.8546064732760313,0.2688961424810551,-0.48005096690476823,2
0.5104408632871983,0.1517890344336595,0.47878368178037345,0.7952882223241432,-0.282331311468234,4
0.7931415231472021,-1.5130288402522556,-1.6960662798650246,-0.43295996397639563,0.4580924412409394,2
1.4050141842140598,-0.9713023889655689,0.2889158279859339,-0.2574959373620329,0.35420453151822195,3
-0.17113880979993432,-0.06622283010854366,-0.15123237853753949,1.1462162755528684,-0.9269894407695709,0
1.3585428428672097,0.23106607608536975,1.3892863442946175,1.1462162755528684,0.19373136046849918,4
-1.329049731692279,-0.5617043404317327,-0.7898787958461088,-2.538528283348748,0.7059188677295141,6
1.579281714264747,-0.2115640731366791,-1.428525213154678,-2.1876002301200224,0.19537515650841622,2
-0.5506547641325422,-1.5130288402522556,-1.6960662798650246,-0.43295996397639563,1.858684022357485,6
-1.4491006968383078,-1.189314253507772,-1.355167178734099,1.1462162755528684,-0.3691044035988807,0
-1.0076229540432333,-0.16531913217318145,1.4669595572105245,-1.1348160704338464,0.6275388047909108,3
-1.3871389083758412,-0.3106603752013169,-0.6992600474442172,0.2688961424810551,0.19402144212260272,0
-0.9921325069276167,1.2946997182458155,-0.9624859356592356,-0.2574959373620329,0.17371572633539978,5
-0.5312917052380214,-0.8061418855245059,-0.034722559163678876,-0.6084239905907582,-0.1320883534198739,0
-0.3182980573982925,1.7241170271925792,-0.30226362587402544,0.9707522489385059,-0.8202587308366454,5
-1.0347312364955625,0.9115273502625493,1.3072979528833821,-0.9593520438194837,0.49808503195325804,1
-0.5816356583637755,-1.0307601702043516,-1.2170814668835976,0.09343211586669244,0.3464690207421449,0
-1.6698395682358451,0.6604833850321336,-1.5881868174818203,-0.08203191074767024,-0.10499472692666341,5
1.2617275483946058,1.6118078848526565,1.2598309894347723,0.9707522489385059,-1.5159905700370324,4
-0.051087844653905284,0.6869090655827036,-0.04766809464966339,1.1462162755528684,-0.8645058524758068,5
-0.6242343879317213,1.2682740376952453,1.6654577679956204,-0.08203191074767024,0.19899150779623256,1
1.1339313596907683,1.2682740376952453,1.0570176001543483,-2.01213620350566,-0.3930458094508396,1
-0.9379159420229585,1.4334345411363083,-0.9150189722106257,-0.9593520438194837,-0.05345688638104869,5
0.03410961448198629,-0.6145557015328729,-0.7424118323974989,0.09343211586669244,1.0468034888542983,2
-1.0773299660635083,-0.01997788914504602,0.4528926108084044,-0.7838880172051209,0.3148694592218688,1
-0.1827566451366468,-0.9250574480020712,-0.15986273552819583,-0.2574959373620329,2.32393631798465,6
-1.3600306259235122,-0.3040539550636744,-1.2688636088275358,0.7952882223241432,-0.6599596087793848,0
-1.0153681776010417,-1.4007196979123326,-1.5061984260705852,-3.5913124430349237,0.07831753968942717,6
-0.5855082701426797,-0.6145557015328729,-0.5482288001077312,0.2688961424810551,-0.2546381828898773,0
-0.6319796114895296,-1.1430693125442744,-0.6259020130236382,1.1462162755528684,-0.18159562238676816,0
0.3516637803521276,0.9974108120519021,1.6136756260516822,0.7952882223241432,-0.6912110723147371,4
-0.5274190934591172,0.9511658710884044,-0.492131479668465,1.1462162755528684,-0.5877099381308231,5
0.31681027434199016,-1.2355591944712696,0.2673399355092931,-0.08203191074767024,4.161700290611201,6
-1.3213045081344705,-1.2091335139206996,-1.2429725378555667,0.6198241957097804,-1.4817029185220703,0
-0.3880050694185674,-1.202527093783057,-0.366991303303948,-0.2574959373620329,0.4268603164825281,0
0.24323065054281104,0.07911841291959178,0.18535154409805782,1.3216803021672312,-0.08490173768580275,4
0.9596638296400811,1.3739767598975257,0.9016711743225342,-0.2574959373620329,-1.6969821834202994,4
1.4205046313296763,0.13857619415837447,1.4194925937619147,0.4443601690954178,-0.4291319672212398,4
1.5405555964757054,-0.8061418855245059,1.531687234640447,-0.2574959373620329,-0.033711995125111326,3
0.4639695219403483,0.7860053676473414,0.4270015398364354,1.3216803021672312,0.33571666076339723,4
-0.7326675177410379,1.3013061383834579,0.5780327871729214,-2.1876002301200224,3.7598985221248094,6
1.6141352202748844,-0.6541942223587279,1.605045269061026,0.7952882223241432,-1.5224303827581165,4
-0.42673118720760905,1.605201464715014,-0.746727010892827,-0.08203191074767024,0.8946653306657988,5
-0.570017823027063,0.640664124619206,-0.5309680861264185,0.7952882223241432,-1.0019852177436401,5
1.2113835952688516,-1.4866031597016856,1.1864729550141935,-0.08203191074767024,-0.10835967411425731,3
-0.6435974468262421,1.3079125585211004,0.5607720731916087,-6.398736868864726,-0.2582158566238134,6
-0.2137375393678801,1.288093298108173,-0.19006898499549302,0.6198241957097804,-0.5847317664820341,5
-0.5583999876903506,-0.45600161822945234,-0.9193341507059539,0.4443601690954178,0.762233386179356,0
-0.5041834227856923,1.4598602216868783,-1.277493965818192,-0.43295996397639563,0.6876050459671514,5
1.2539823248367974,-0.8061418855245059,0.32775243444388746,-0.9593520438194837,0.8828106604014601,3
0.49107780439267745,1.2682740376952453,0.017059582780259173,0.2688961424810551,0.444980750475488,1
0.5414217575184316,1.0172300724648295,0.5046747527523424,-0.08203191074767024,-0.36163963569996616,1
1.4979568669077596,0.9974108120519021,1.4712747357058527,-0.08203191074767024,-0.5471758616641785,4
0.9364281589666561,-0.6409813820834429,0.29754618497659024,0.2688961424810551,0.0981591248300654,4
-0.2021197040311676,0.05929915250666422,-0.1771234495095085,-0.08203191074767024,1.2416803440806237,6
0.8705937587252853,-1.5130288402522556,0.8326283183972835,-0.9593520438194837,1.684209576803062,3
-1.7124382978037909,0.2508853364982973,0.025689939770915514,-0.2574959373620329,0.7331285268843656,5
1.648988726285022,-0.2710218543754618,1.6395666970236513,0.7952882223241432,-1.3848543236055828,4
1.366288066425018,1.1889969960435351,0.8844104603412215,-3.7667764696492867,-0.5098520221696057,3
-1.4258650261648829,0.3830137392511477,-1.3335912862574582,1.1462162755528684,-0.987693861584837,5
1.21912881882666,1.1097199543918248,-0.28931809038804096,-0.08203191074767024,0.0009624319286546707,2
-1.2167439901040582,1.2946997182458155,-1.1609841464443313,-0.2574959373620329,0.8812635582462444,5
0.6382370519910356,0.17821471498422958,1.4108622367712582,0.2688961424810551,-1.3179421553925148,4
-0.2950623867248675,-0.6872263230469405,0.7506399269860482,0.09343211586669244,0.3584397236681246,3
1.4940842551288556,1.0899006939788973,1.4453836647338836,-1.1348160704338464,-0.07304706742146448,1
-0.2756993278303467,-0.2908411147883893,-0.2547966624254156,-0.9593520438194837,2.10057344432542,6
0.38651728636226507,-0.337086055751887,0.34932832692052834,1.3216803021672312,-1.4441470137042152,4
0.45235168660363584,-1.024153750066709,0.4097408258551227,1.1462162755528684,-1.5329893549674625,4
0.5956383224230898,1.3739767598975257,0.2069274365746987,0.09343211586669244,-0.5572900420038998,1
0.3981351216989775,1.0436557530153996,0.3622738624065128,0.09343211586669244,-0.1622375066696347,1
-0.736540129519942,0.04608631223137918,0.9318774237898314,0.4443601690954178,-0.5796843457006434,4
-0.3763872340818549,-0.2776282745131043,-0.24185112693943106,0.2688961424810551,-0.7297725935334819,0
0.9635364414189852,1.631627145265584,0.9103015313131905,-0.08203191074767024,0.20692040634171135,1
0.30519243900527765,-1.0307601702043516,-1.2170814668835976,0.09343211586669244,0.5334169774229914,2
-1.1121834720736457,-0.1785319724484665,-1.07036539804244,-0.9593520438194837,0.7324710084683982,6
1.0564791241126852,0.33676879828765005,0.9663988517524568,1.1462162755528684,-0.9544891815785254,4
0.23935803876390688,-1.3478683368111926,-1.480307355098616,0.6198241957097804,0.03144034438639915,0
0.12317968539678202,0.32355595801236503,0.08178726021018173,1.1462162755528684,0.4316176556098147,4
-1.623368226888995,-1.4866031597016856,-0.9926921851265328,0.09343211586669244,-0.7535206116160386,0
-1.5691516619843369,0.6142384440686359,-1.4889377120892724,-0.08203191074767024,-0.29650663496539575,5
-0.759775800193367,1.1823905759058926,-0.7165207614255299,1.1462162755528684,-0.9551466999944923,5
0.5762752635285691,0.1914275552595146,0.543511359210296,-0.6084239905907582,-0.19294748445066154,1
-1.2670879432298123,0.0526927323690217,-1.2084511098929414,0.09343211586669244,-0.22160755187602782,0
-1.2554701078930997,1.1295392148047525,-1.7219573508369936,-0.6084239905907582,0.32353323129107575,5
0.3903898981411692,-0.0133714690074035,-0.1339716645562268,-0.7838880172051209,1.0339045246351888,2
1.5908995496014595,-1.3875068576370477,1.5705238410984006,0.6198241957097804,-0.21414278397711325,4
-0.10917702133746772,-1.0770051111678491,-0.07787434411696058,0.6198241957097804,0.8258773010895318,0
-0.6087439408161046,-1.0770051111678491,-0.9409100431825947,-1.310280097048209,0.4390050684009689,6
-0.8101197533191211,-0.5815236008446603,-0.7726180818647961,1.1462162755528684,-0.8078045584871614,0
0.696326228674598,-0.9118446077267862,0.8800952818458934,0.09343211586669244,0.9875494763095466,3
0.19288669741705694,-0.2776282745131043,-0.2375359484441029,0.4443601690954178,-0.6938411459786028,0
-0.9650242244752876,1.3739767598975257,-1.027213613089158,0.7952882223241432,0.117555918101079,5
-1.689202627130366,0.832250308610839,-1.631338602435102,1.1462162755528684,-0.5699762796766661,5
-1.7511644155928325,-0.8259611459374334,-1.73058770782765,0.2688961424810551,-0.6129857195916554,0
0.21224975631157775,0.1848211351218721,1.0785934926309892,-1.1348160704338464,0.5550764075960083,3
-0.3996229047552799,-0.36351173630245703,-0.3842520172852607,1.1462162755528684,-1.1582038578665197,0
1.168784865700906,-1.31483623612298,1.1131149205936146,-1.836672176891297,-0.19706664393892273,3
-0.16726619802103015,-1.31483623612298,1.1131149205936146,-1.836672176891297,0.7835253795905086,3
-0.8836993771183002,-1.1298564722689894,-0.8589216517713595,1.1462162755528684,-0.6733613811989387,0
-1.2787057785665248,1.2946997182458155,1.5230568776497908,0.2688961424810551,0.35292817224016926,1
-1.4219924143859788,1.0502621731530422,-1.32927610776213,0.6198241957097804,-0.8413766752553359,5
-1.6311134504468034,0.006447791405524059,-1.3033850367901612,0.09343211586669244,0.6342300216122185,0
-1.6814574035725576,1.5919886244397288,-1.6011323529678048,1.1462162755528684,-1.1083098133608216,5
1.3817785135406349,-0.4427887779541673,1.402231879780602,1.1462162755528684,-0.8938427770940804,4
-1.3716484612602247,1.6976913466420092,-1.2861243228088484,1.1462162755528684,-0.999780597172458,5
-1.0037503422643292,-0.6409813820834429,1.6870336604722613,-0.6084239905907582,0.3954734815085943,3
-0.08206873888513858,0.37640731911350517,1.2943524173973977,-2.363064256734385,0.9617128703174482,3
-1.623368226888995,-1.31483623612298,1.1131149205936146,-1.836672176891297,-0.10965537216924963,3
-1.0540942953900834,-0.2974475349260319,0.15514529463076063,-0.6084239905907582,0.2727302642691882,0
-0.9805146715909042,-0.36351173630245703,-0.9538555786685793,1.1462162755528684,-1.345093798216546,0
0.7311797346847355,-1.31483623612298,1.1131149205936146,-1.836672176891297,0.551982203285576,3
-0.3957502929763757,0.8718888294366942,0.6600211785841567,-0.7838880172051209,-0.155140175532584,1
0.02636439092417796,0.31034311773707995,-0.3799368387899325,0.7952882223241432,-0.7061599468895062,5
0.007001332029657151,-0.46260803836709485,-0.4274038022385424,0.2688961424810551,0.05226820715098656,0
-0.2331005982624009,0.9577722912260469,-0.21596005596746204,1.3216803021672312,-1.4923392458391764,5
-0.8836993771183002,0.9974108120519021,-0.8589216517713595,1.1462162755528684,-0.46280077787411605,5
-0.4383490225443215,-0.6409813820834429,-0.4058279097619016,0.2688961424810551,0.39752339186425484,0
-1.7046930742459825,1.6514464056785114,-1.6615448519023992,0.6198241957097804,-0.15521753064034477,5
1.1571670303641934,-1.4998159999769705,0.9836595657337694,-1.4857441236625717,1.0498976931647288,3
0.34779116857322345,-0.9580895486902838,0.30186136347191844,0.09343211586669244,-0.2975509289201661,3
0.7582880171370646,1.5127115827880186,0.7247488560140791,0.2688961424810551,-2.081997893522604,4
0.7001988404535022,-1.3016233958476948,0.6729667140701411,-0.08203191074767024,0.7579981940294543,3
0.10381662650226121,-1.5989123020416083,0.051581010742884535,1.1462162755528684,-1.5974841760630056,0
0.3323007214576068,-0.0133714690074035,0.41405600435045087,-0.7838880172051209,1.1202908412270316,3
0.6847083933378856,1.3871896001728108,0.6643363570794848,0.2688961424810551,-0.5730898227640371,1
-1.2244892136618664,1.631627145265584,-1.1696145034349879,-0.9593520438194837,1.3930836287453954,6
1.1416765832485767,-0.6872263230469405,0.18103636560272965,-0.08203191074767024,0.39261134252144475,3
1.3546702310883056,1.1031135342541825,1.3849711657992894,-1.310280097048209,0.06257577526011007,1
0.5801478753074731,0.627451284343921,0.5478265377056242,0.09343211586669244,-0.4414894456860234,4
0.8589759233885729,-0.7929290452492208,0.8283131399019553,-0.08203191074767024,0.054840264484032536,3
0.14254274429130284,0.33016237815000754,-1.199820752902285,-1.4857441236625717,0.7907580821661413,2
-1.2283618254407707,0.805824628060269,-0.47918594418248045,0.2688961424810551,0.3072886586613138,5
-0.283444551388155,1.4070088605857383,-0.2677421979114001,0.2688961424810551,0.3635258220033949,5
0.7815236878104896,-1.4667838992887579,-0.1210261290702423,-0.43295996397639563,0.5965967616866026,3
1.07971479478611,1.3211253987963856,-0.37562166029460436,-0.7838880172051209,0.7930787353989648,2
1.006135170986931,0.7001219058579886,0.14219975914477612,-0.7838880172051209,0.8915711263553674,1
1.6412435027272136,1.6778720862290817,1.6784033034816048,-0.2574959373620329,0.9987079506040377,1
-0.9572790009174793,-1.3875068576370477,-0.9365948646872666,0.4443601690954178,-1.0808487501057473,0
-1.1392917545259749,1.3805831800351682,1.6913488389675895,-1.4857441236625717,0.04942540694077854,1
-0.06270567999061777,1.367370339759883,1.2080488474908342,-0.9593520438194837,0.08450594831028901,1
-0.5196738699013089,1.1031135342541825,0.4011104688644664,-2.1876002301200224,0.3616886381940761,1
0.5840204870863773,-1.5790930416286808,-0.9020734367246412,0.09343211586669244,0.7919377475594935,2
-0.5158012581224047,-0.9448767084149988,-0.4878163011731368,-0.08203191074767024,-0.010389430135238254,0
0.2548484858795235,0.36980089897586266,0.2026122580793705,1.1462162755528684,-0.1500153996434326,4
1.0216256181025476,-0.00676504886976098,0.9448229592758158,-1.1348160704338464,0.43620094574464063,3
0.08445356760774039,1.2682740376952453,0.017059582780259173,0.2688961424810551,-0.12357929156618853,1
1.5444282082546097,0.475503621178143,-1.402634142182709,-0.7838880172051209,0.4248684224576868,2
0.7079440640113105,1.2946997182458155,0.6815970710607975,-0.43295996397639563,0.5288723648420466,1
-0.2873171631670592,-1.1298564722689894,-0.2720573764067283,1.1462162755528684,-0.40950310862694383,0
1.7109505147474886,1.5457436834762313,0.7031729635374383,0.09343211586669244,-0.8047683705075508,4
1.3391797839726889,1.314518978658743,-0.8373457592947187,0.4443601690954178,-0.7349940633073337,2
-0.12466746845308437,-1.2223463541959847,-0.10376541508892961,0.2688961424810551,-0.948706887273408,0
0.886084205840902,1.1295392148047525,0.8542042108739243,0.6198241957097804,-0.3696652281301463,4
-0.8178649768769294,-0.2710218543754618,-0.7769332603601242,1.1462162755528684,-1.2721479315981379,0
-0.5003108110067881,1.5457436834762313,-1.6658600303977273,0.09343211586669244,-1.7115636212332053,5
0.1154344618389737,-1.5856994617663231,0.06884172472419722,1.1462162755528684,-1.3143064653277585,0
-0.07432351532733025,-0.6740134827716555,-0.6863145119582327,0.4443601690954178,0.07104615955991435,0
-1.1818904840939206,-1.31483623612298,1.1131149205936146,-1.836672176891297,-1.3600039952374356,3
0.4949504161715816,1.3739767598975257,0.9016711743225342,-0.2574959373620329,0.9635113765728859,1
-0.5119286463435005,0.14518261429601698,-0.48350112267780865,1.3216803021672312,-0.7156746251440814,5
0.2587210976584277,1.0899006939788973,1.4453836647338836,-1.1348160704338464,-0.18443842259697663,1
0.6769631697800772,-0.3436924758895295,0.3579586839111847,-0.6084239905907582,0.26087559400485,3
1.5870269378225554,0.09893767333251934,1.5662086626030725,-0.7838880172051209,0.7090130720399446,3
-0.7055592352887087,1.5985950445773713,-0.08650470110761692,-0.7838880172051209,-0.8778109310106599,5
-1.0114955658221376,0.09893767333251934,0.3061765419672466,0.2688961424810551,0.05418274606806658,0
0.8822115940619978,0.2839174371865099,0.8498890323785961,1.1462162755528684,-0.36165897447690626,4
0.2509758741006194,-1.4469646388758304,-1.0660502195471118,0.2688961424810551,-0.12075583013292059,0
0.5181860868450066,-0.6409813820834429,1.6999791959582458,-0.08203191074767024,1.2378706050234056,3
0.26259370943733185,-1.3280490763982649,-0.518022550640434,0.4443601690954178,-0.47631858295531093,0
-0.42285857542870486,-1.1298564722689894,-0.39719755277124524,1.1462162755528684,-0.4999505683762267,0
-1.4607185321750205,-1.2289527743336273,-1.3681127142200837,0.09343211586669244,-0.37498339178869894,0
0.839612864494052,-1.3742940173617626,-1.0358439700798145,-0.2574959373620329,0.5176945517706144,2
-0.7287949059621337,-0.6409813820834429,1.6999791959582458,-0.08203191074767024,-0.5523973314380303,3
0.12705229717568617,-0.8986317674515012,-0.14691720004221132,0.4443601690954178,-0.26334063251296436,0
-0.829482812213642,1.3475510793469556,-0.7941939743414369,0.09343211586669244,-1.1257920677147566,5
-1.0308586247166585,1.3739767598975257,0.9016711743225342,-0.2574959373620329,1.1769921352156778,1
1.5173199258022805,0.5878127635180658,1.505796163668478,1.1462162755528684,-1.0164699616718442,4
1.0022625592080268,0.4226522600770028,0.923247066799175,1.1462162755528684,-1.0060463609010806,4
-0.6513426703840505,-1.3742940173617626,0.9879747442290976,0.09343211586669244,-0.03566521159607102,3
-0.6048713290372005,1.4400409612739509,-0.5913805850610129,0.2688961424810551,-0.4577533570927259,5
1.0719695712283017,-0.9250574480020712,-1.173929681930316,-0.08203191074767024,0.30477461765908803,2
1.6334982791694053,0.6935154857203462,0.7161184990234228,0.6198241957097804,-0.4108374842358173,4
0.21999497986938607,-0.10586135093439877,0.1594604731260888,0.6198241957097804,0.08210793996970468,4
-1.0695847425057,0.6736962253074186,-1.02289843459383,0.9707522489385059,-0.24025013284637411,5
-1.6466038975624202,-0.5881300209823027,-0.31520916136001,-0.7838880172051209,0.09970622698528063,0
1.0138803945447394,-0.7136520035975106,-0.46624040869649597,0.2688961424810551,0.5336683815232143,2
-0.45771208143884234,-1.5394545208028256,-0.41877344524788607,1.3216803021672312,-1.3835586255505905,0
-0.15564836268431767,-1.3280490763982649,-0.518022550640434,0.4443601690954178,-0.7153845434899783,0
1.6838422322951594,-1.162888572957202,1.609360447556354,-0.08203191074767024,0.01912154347549571,3
1.1881479245954267,-0.2842346946507468,1.1519515270515681,0.7952882223241432,-0.7744451682653283,4
-1.046349071832275,0.24427891636065477,1.3590800948273203,0.2688961424810551,0.5795786379792318,1
-0.3686420105240466,-1.31483623612298,1.1131149205936146,-1.836672176891297,0.7794062201022474,3
-1.480081591069541,-1.4007196979123326,-1.5061984260705852,-3.5913124430349237,-0.02765895794283145,6
-0.6009987172582963,1.340944659209313,-1.734902886322978,-0.9593520438194837,0.060777269004671945,5
-1.2515974961141956,-0.5550979202940901,-1.1911903959116286,-0.7838880172051209,0.05381530930620226,0
-0.7559031884144628,0.8652824092990516,-0.7078904044348735,1.1462162755528684,-0.907379920952215,5
-1.4181198026070745,0.805824628060269,1.5877845550797134,0.09343211586669244,0.6164383468272399,1
-0.44609424610212983,-1.31483623612298,1.1131149205936146,-1.836672176891297,-0.07898407194210341,3
-0.4615846932177465,-0.9052381875891437,-1.657229673407071,-0.43295996397639563,1.1385853242124542,6
1.6954600676318718,-0.02658430928268854,0.8153676044159708,0.4443601690954178,-0.7580652241969844,4
-1.6620943446780367,-0.1785319724484665,-1.5838716389864922,-0.2574959373620329,0.36441540574264414,0
0.8279950291573396,1.5391372633385887,0.7937917119393298,1.3216803021672312,-0.43367657980218505,4
0.9054472647354228,1.3211253987963856,-0.5611743355937157,0.09343211586669244,0.13323966619957586,2
-0.11304963311637188,-0.09925493079675626,-0.6215868345283101,0.09343211586669244,-0.45707649989981847,0
-0.1207948566741802,0.3896201593887902,-0.09513505809827327,0.2688961424810551,0.9986112567193365,1
-0.41511335187089654,1.6712656660914391,-0.39288237427591705,1.3216803021672312,-1.448285511969416,5
0.7234345111269271,0.2773110170488674,-0.971116292649892,-0.6084239905907582,0.4921673662095592,2
-0.6126165525950088,1.2352419370070327,-0.595695763556341,1.1462162755528684,-1.5886850325552182,5
-0.7094318470676129,-0.08604209052147122,-0.16849309251885217,0.6198241957097804,-0.893456001555276,0
-0.7520305766355586,-1.5989123020416083,-0.7035752259395454,1.1462162755528684,-1.1928976236972257,0
-1.472336367511733,0.40283299966407526,-1.3810582497060682,0.4443601690954178,-0.5149767980587566,5
1.3081988897414556,0.35658805870057764,1.3202434883693668,0.9707522489385059,-0.4385306128141735,4
-0.26020888071473003,1.5325308432009461,-0.23322076994877472,0.09343211586669244,-0.25852527705485656,5
1.0642243476704936,0.805824628060269,0.8887256388365496,0.09343211586669244,-0.7996629333953399,4
1.4243772431085806,-0.08604209052147122,0.5737176086775932,-0.43295996397639563,0.12163640003545957,3
-1.1509095898626873,-0.9250574480020712,-1.1092020045003934,0.2688961424810551,1.1102153384411904,0
-1.1083108602947416,-0.4427887779541673,-1.0617350410517834,1.1462162755528684,-0.8492088799161143,0
1.1532944185852891,-0.7466841042857232,1.0872238496216455,0.9707522489385059,-1.1485344693964235,4
1.5599186553702262,1.2682740376952453,-0.7683029033694679,-1.6612081502769345,0.6329536623341648,2
1.3933963488773473,-0.5881300209823027,1.3936015227899456,-1.6612081502769345,1.314703565806792,3
-1.236107048998579,0.09893767333251934,-1.1825600389209723,0.6198241957097804,1.3882489345103466,0
0.8512306998307645,-1.4866031597016856,-0.9926921851265328,0.09343211586669244,-0.22414093165519317,2
1.6180078320537887,0.4688972010405005,1.4885354496871654,-0.43295996397639563,1.6860080830585005,1
0.15028796784911116,0.9181337704001918,-0.0606136301356479,-0.6084239905907582,-0.10940396806902766,1
-1.0269860129377542,0.09893767333251934,-1.2559180733415511,-0.9593520438194837,0.45503691448438816,6
0.9635364414189852,0.013054211543166579,1.0958542066123018,1.1462162755528684,-0.08056985165119927,4
-1.5188077088585827,1.2682740376952453,0.8757801033505651,-1.310280097048209,1.8110719535307291,6
0.014746555587465475,0.032873471956094136,-0.008831488191709851,1.1462162755528684,-1.4192773465591264,4
1.362415454646114,-0.3701181564400996,1.630936340032995,-0.08203191074767024,-1.887488475058142,4
-1.3987567437125539,0.2112468156724422,-0.66905379797692,-0.43295996397639563,0.2397189720322789,5
-1.6737121800147492,1.3739767598975257,-1.5968171744724766,0.4443601690954178,3.125838042586698,6
-0.713304458846517,1.466466641824521,-0.6647386194815919,1.1462162755528684,-1.0636372386289756,5
1.3198167250781683,1.20220983631882,1.3331890238553512,0.6198241957097804,-0.41907580321233917,4
0.6924536168956938,-0.01997788914504602,0.4528926108084044,-0.7838880172051209,0.46714298884894884,3
-1.092820413179125,1.4862859022374486,-1.0401591485751427,1.1462162755528684,-0.7617589305925615,5
-1.3639032377024163,-1.2421656146089122,-1.273178787322864,1.1462162755528684,-0.993824253874878,0
0.2780841565529485,-1.1298564722689894,0.22418815055601138,1.1462162755528684,-0.7901289163638242,4
1.0409886769970684,-0.6079492813952303,0.9577684947618004,0.4443601690954178,-2.3073139836527936,4
-0.8604637064448752,-0.8788125070385736,-0.8287154023040623,1.3216803021672312,-0.40078132022691665,0
-0.903062436012821,-1.3875068576370477,-0.8761823657526722,0.7952882223241432,-1.1485344693964235,0
-0.9069350477917252,-0.7334712640104382,-1.0833109335284243,0.7952882223241432,-0.7763597071824069,0
0.9480459943033686,0.2839174371865099,0.897355995827206,1.1462162755528684,-0.9638104720636987,4
0.7466701818003522,-0.13889345162261138,-1.4501011056313189,0.09343211586669244,0.19112062558157306,2
-0.012361726864863662,0.9974108120519021,0.8239979614066271,0.2688961424810551,-0.3533239616156825,1
0.9403007707455603,-1.5526673610781105,0.8930408173318778,1.1462162755528684,-1.1301432925262997,4
-0.5661452112481589,-0.49564013905530746,0.9966051012197539,0.4443601690954178,-0.01973005939735219,0
0.08058095582883623,0.17160829484658705,-0.05629845164031973,-0.08203191074767024,-0.8391140383533335,5
-0.07045090354842609,-1.0307601702043516,0.6772818925654693,0.2688961424810551,0.147898459120242,3
-0.7404127412988462,-1.1034307917184192,-0.6129564775376537,0.6198241957097804,0.29591745782047985,0
0.5724026517496649,1.3739767598975257,1.1390059915655835,0.6198241957097804,0.23264097967216826,1
1.223001430605564,-0.5220658196058775,1.6007300905656978,-0.9593520438194837,0.026218874612546888,3
0.8667211469463811,-1.31483623612298,-0.06924398712630424,-2.7139923099631105,0.08914725477593516,3
-1.5420433795320079,0.7793989475096988,0.44857743231307623,0.6198241957097804,-0.5617186219232041,5
-0.5622725994692547,0.36319447883822015,-0.5266529076310903,1.1462162755528684,-1.0729972066680293,5
-0.4189859636498007,1.2682740376952453,0.6298149291168594,-0.9593520438194837,0.39315282827577075,1
0.8434854762729562,0.40283299966407526,0.8110524259206426,-0.08203191074767024,-0.35908691714386026,4
-1.5923873326577618,1.2682740376952453,0.1465149376401043,0.7952882223241432,0.025135903103896375,5
0.27033893299514017,0.9313466106754769,0.21555779356535504,-0.6084239905907582,1.170823065371756,1
-0.8759541535604919,-1.31483623612298,1.1131149205936146,-1.836672176891297,-0.3342559275526526,3
-0.46545730499665067,-1.34126191667355,-1.475992176603288,-0.2574959373620329,0.18058099214916862,0
-0.1517757509054135,-0.7136520035975106,-0.12965648606089863,0.6198241957097804,0.18324974336691496,0
0.053472673376507095,1.1559648953553225,1.1174300990889428,-0.9593520438194837,0.9774352959698244,1
-0.7985019179824087,0.7992182079226264,-0.7553573678834834,1.1462162755528684,-0.8183635306965065,5
0.10768923828116538,1.7175106070549366,0.055896189238212705,0.4443601690954178,-1.2096836820813137,5
1.2810906072891266,0.7199411662709162,1.2857220604067414,1.1462162755528684,0.18158660855005834,4
-1.665966956456941,-0.7136520035975106,0.7463247484907201,0.9707522489385059,1.2757746078261833,0
-1.5265529324163911,-0.08604209052147122,0.2371336860419959,-1.310280097048209,0.28717633064351306,6
1.385651125319539,0.34998163856293507,1.479905092696509,0.6198241957097804,0.18092909013409142,4
-1.596259944436666,0.39622657952643275,1.3547649163319921,-0.43295996397639563,0.6115456362613718,1
-1.189635707651729,-0.832567566075076,-1.1437234324630188,0.2688961424810551,-0.11920872797770536,0
1.672224396958447,-1.0571858507549217,1.652512232509636,0.6198241957097804,-0.21315650635316313,4
-0.2756993278303467,-0.19174481272375155,-0.7639877248741397,-0.08203191074767024,0.7412508131992466,2
0.9596638296400811,1.3739767598975257,0.9016711743225342,-0.2574959373620329,-1.6972529262974623,4
1.1106956890173434,0.6208448642062784,1.026811350687051,0.09343211586669244,-1.3387506793801627,4
-0.24859104537801757,1.3805831800351682,1.6913488389675895,-1.4857441236625717,-0.7478350111956221,1
-1.3058140610188538,0.5217485621416406,-1.6054475314631331,-2.363064256734385,1.9791839414718277,6
-1.499444649964062,-1.4139325381876178,0.8800952818458934,0.09343211586669244,0.1314218211671972,0
0.27421154477404436,0.9313466106754769,0.2198729720606832,-0.6084239905907582,1.1708424041486962,1
0.7311797346847355,-1.532848100665183,-1.5709261035005075,-0.2574959373620329,0.9560272698970312,2
1.0680969594493976,0.5944191836557083,0.975029208743113,0.6198241957097804,-0.7032591303484775,4
0.09994401472335705,0.15839545457130202,0.042950653752228195,0.6198241957097804,-1.1896293703943337,4
1.1068230772384393,0.9643787113636895,1.022496172191723,1.1462162755528684,-0.8101058729430439,4
-0.22922798648349674,-1.2950169757100525,-0.21164487747213387,0.9707522489385059,-1.0276671135202164,0
1.3972689606562514,0.475503621178143,-1.402634142182709,-0.7838880172051209,0.615935538626796,2
1.5908995496014595,-1.6055187221792508,1.5748390195937287,0.09343211586669244,0.07787274781980255,3
-1.332922343471183,-0.6740134827716555,-0.6863145119582327,0.4443601690954178,0.4337642598501766,0
-0.9843872833698084,-0.6740134827716555,-0.6863145119582327,0.4443601690954178,-0.3113588156554641,0
1.3353071721937848,-0.515459399468235,-0.37130648179927617,0.7952882223241432,-0.18366487151936925,4
0.0031287202507529885,0.8388567287484816,-0.017461845182366195,0.2688961424810551,-0.8082493503567856,5
0.9441733825244645,0.805824628060269,1.5877845550797134,0.09343211586669244,-0.09341079953948765,1
1.5637912671491303,-1.2223463541959847,0.09041761720083807,0.2688961424810551,-0.7669223840355925,4
-1.1780178723150165,-0.3701181564400996,-1.454416284126647,-0.43295996397639563,0.29725183342935324,0
-1.3174318963555665,0.488716461453428,0.19398190108871416,-1.310280097048209,0.48984671297673565,6
-0.016234338643767825,1.2682740376952453,1.6654577679956204,-0.08203191074767024,0.24101467008727168,1
0.4368612394880192,-1.31483623612298,1.1131149205936146,-1.836672176891297,-0.4621432594581496,3
0.17352363852253613,1.0238364926024721,0.1163086881728071,1.3216803021672312,-1.390056454602495,4
0.46009691016144416,-0.8127483056621484,1.199418490500178,-1.4857441236625717,0.9704733362713556,3
-0.34540633985062164,-1.2223463541959847,-0.8416609377900468,0.09343211586669244,-0.07486491245384269,0
0.41749818059349836,-1.5989123020416083,0.37521939789249736,1.1462162755528684,-1.3136296081348515,4
1.3701606782039222,-0.7797162049739358,-1.0099528991078455,-0.7838880172051209,0.6146398405718022,2
0.2858293801107568,-1.0373665903419942,0.22850332905133955,-0.2574959373620329,0.38230377441232266,3
1.5947721613803636,-0.50224655919295,1.5791541980890569,0.6198241957097804,-0.59542611012996,4
0.5065682515082941,-0.08604209052147122,-0.16849309251885217,0.6198241957097804,-0.025318965933067827,4
0.04185483803979461,-0.2974475349260319,0.15514529463076063,-0.6084239905907582,2.260505129620817,6
-0.4344764107654174,-1.31483623612298,1.1131149205936146,-1.836672176891297,-0.041080069139325014,3
-0.999877730485425,-1.0307601702043516,-0.9754314711452201,0.6198241957097804,-0.668120572648146,0
-0.3260432809561008,1.1097199543918248,-0.3108939828646818,0.2688961424810551,-0.16612460083461356,5
1.2152562070477557,1.2682740376952453,0.8757801033505651,-1.310280097048209,1.2819630164470461,1
-0.30280761028267583,-0.25780901410017676,-0.1943841634908212,0.6198241957097804,-1.3290426133561852,0
-0.8914446006761085,0.8256438884731965,-0.8632368302666876,0.7952882223241432,1.4113974505077589,5
0.18514147385924862,-1.2818041354347673,0.13788458064944795,1.1462162755528684,-0.5761066719667073,0
-0.686196176394188,-1.31483623612298,1.1131149205936146,-1.836672176891297,-0.16612460083461356,3
0.45622429838254,1.3739767598975257,-1.027213613089158,0.7952882223241432,0.2862674081273237,5
-1.2322344372196747,-1.4139325381876178,0.8800952818458934,0.09343211586669244,0.007402244649738941,0
0.289701991889661,-1.162888572957202,-0.569804692584372,0.6198241957097804,-0.06989484678021333,0
0.30131982722637346,0.9115273502625493,-1.6356537809304301,-0.2574959373620329,-0.15065357928245895,2
1.5560460435913221,-1.050579430617279,1.5446327701264315,1.1462162755528684,-0.7801887850165655,4
0.5646574281918565,0.2112468156724422,-0.6474779055002792,-0.2574959373620329,0.9369592358340009,2
0.4988230279504858,-0.6872263230469405,0.18103636560272965,-0.08203191074767024,1.9251707374778684,3
0.12317968539678202,0.7199411662709162,0.08178726021018173,1.1462162755528684,-0.4598612837792067,5
0.6537274991066523,-0.9514831285526413,-1.7392180648183062,-0.2574959373620329,2.4665211203646944,6
0.22386759164829023,1.4004024404480957,0.16377565162141697,1.1462162755528684,-0.8615856971578384,5
-0.21761015114678425,-1.1034307917184192,1.3720256303133047,0.7952882223241432,-0.5874585340306007,4
-1.5304255441952952,-0.26441543423781927,-0.11239577207958595,1.1462162755528684,-0.6928935459085334,0
0.3903898981411692,-0.0133714690074035,0.3536435054158565,-0.7838880172051209,1.047306297054743,3
1.4631033608976223,-0.3040539550636744,-0.845976116285375,-0.08203191074767024,0.03577223042100263,2
-0.8023745297613127,-0.680619902909298,-0.7596725463788115,1.1462162755528684,-1.1740616549574787,0
-1.3406675670289914,-0.08604209052147122,-1.3379064647527865,-0.9593520438194837,-0.5425925715293526,0
0.9712816649767936,0.7001219058579886,-0.8157698668180777,-0.6084239905907582,0.5558499586736152,2
0.6343644402121315,0.2905238573241524,0.6125542151355468,1.3216803021672312,-0.5698409082380851,4
1.03324345343926,1.2682740376952453,-1.7046966368556808,-0.6084239905907582,0.6112942321611489,2
0.9519186060822727,-0.5947364411199453,1.1562667055468963,-3.0649203631918356,3.9589525531702168,6
-0.5390369287958298,-1.31483623612298,-1.4673618196126315,-0.7838880172051209,0.28872343279872825,0
0.8357402527151478,-0.21817049327432161,0.8024220689299862,-0.43295996397639563,-0.22723513596562409,3
-1.4336102497226912,-1.2685912951594822,-1.3379064647527865,1.1462162755528684,-1.4837528288777309,0
1.4088867959929638,0.9115273502625493,1.048387243163692,-1.1348160704338464,0.3062443647065429,1
-1.2941962256821413,-1.162888572957202,-0.5870654065656847,1.1462162755528684,2.0121952337087374,0
0.4252434041513067,-1.0373665903419942,0.3795345763878255,0.09343211586669244,0.2988956294692698,3
1.2733453837313182,-1.2421656146089122,1.277091703416085,0.9707522489385059,-0.7492854194661365,4
0.6808357815589814,1.6184143049902988,0.6557060000888284,-0.08203191074767024,0.34906041685213096,1
0.23548542698500272,-0.02658430928268854,0.17672118710740148,0.9707522489385059,-0.22884025445166,4
-0.13628530378979686,0.006447791405524059,-1.0919412905190806,-0.08203191074767024,0.27093175801375013,2
-1.0966930249580291,0.9445594509507619,-1.0444743270704708,0.6198241957097804,1.340694882014412,5
1.0952052419017269,-0.3569053161648145,-0.3367850538366508,-0.9593520438194837,2.360254541078333,6
-0.9417885538018627,1.2682740376952453,1.6654577679956204,-0.08203191074767024,0.5991688190196481,1
0.553039592855144,-0.6475878022210854,0.517620288238327,1.1462162755528684,-1.3902691811488368,4
-0.6823235646152838,0.39622657952643275,0.6341301076121876,0.09343211586669244,0.6991889733543263,1
-1.6969478506881743,-0.9316638681397138,1.1951033120048498,-0.9593520438194837,2.059633253543031,6
1.17265747747981,1.4202217008610234,-1.5407198540332105,0.6198241957097804,0.5236122175143142,2
-0.8953172124550126,-0.7731097848362933,1.1821577765188653,-3.415848416420561,1.0779969360588295,6
-1.642731285783516,-1.4866031597016856,-0.9926921851265328,0.09343211586669244,-0.009867283157853311,0
-0.5351643170169256,-0.25780901410017676,-0.7812484388554524,-0.08203191074767024,-0.0841281866081949,0
0.7505427935792564,0.9247401905378343,0.7074881420327664,0.7952882223241432,-0.383666502634846,4
0.0224917791452738,0.9775915516389745,-0.00020113120105351068,0.2688961424810551,1.0955758842974652,1
-0.5080560345645965,-0.48903371891766495,-0.4748707656871523,1.1462162755528684,-0.8766892819481287,0
-0.546782152353638,0.34998163856293507,-1.652914494911743,-0.6084239905907582,1.959748470646934,6
0.44847907482473165,-1.0902179514431343,0.3967952903691382,-3.0649203631918356,0.22761289766771772,3
-1.309686672797758,-1.519635260389898,-1.2386573593602386,-0.2574959373620329,0.5020688200029387,0
1.3469250075304973,1.5193180029256612,-1.6270234239397738,-0.43295996397639563,-0.05550679673670925,2
0.5569122046340482,-1.1034307917184192,0.5219354667336551,-0.2574959373620329,0.2630415370221515,3
0.7350523464636397,0.7463668468214862,0.694542606546782,1.1462162755528684,-0.05589357227551318,4
-1.5652790502054328,0.7199411662709162,-1.4846225335939442,1.1462162755528684,-1.0212853171299523,5
1.3275619486359764,0.6803026454450611,1.3461345593413359,1.1462162755528684,-1.130123953749359,4
1.0874600183439185,-1.0373665903419942,-1.7133269938463374,-0.9593520438194837,0.2546871853839886,2
1.4785938080132388,0.5878127635180658,1.449698843229212,1.3216803021672312,-1.1235874471435745,4
-1.3600306259235122,1.2814868779705304,-1.2688636088275358,0.6198241957097804,1.857620389625774,5
-0.11692224489527604,0.7199411662709162,-0.08218952261228875,1.1462162755528684,-0.9505053935288457,5
1.1610396421430975,-0.42296951754123974,1.1778425980235372,1.1462162755528684,-0.6399246358693448,4
0.8783389822830937,0.4490779406275729,0.8412586753879397,1.1462162755528684,-1.3046757544115424,4
-0.12854008023198854,-0.01997788914504602,1.0656479571450046,-1.310280097048209,0.6061307787181178,3
-1.0579669071689874,-0.3040539550636744,0.28460064949060576,-0.9593520438194837,-0.46780952110162605,0
-1.4374828615015953,-0.40315025712831215,-1.3422216432481147,0.6198241957097804,-1.1302206476340604,0
-0.8682089300026835,-1.0703986910302068,0.9922899227244257,-0.43295996397639563,-0.09238584436165738,3
1.602517384938172,-1.162888572957202,1.3763408088086329,0.2688961424810551,-0.10255804103219893,4
-1.1625274251993998,-1.1694949930948444,-1.126462718481706,-0.43295996397639563,0.5223358582362605,0
1.2036383717110433,-1.3214426562606225,1.126060456079599,-0.6084239905907582,-0.4396135843228245,3
-1.336794955250087,-1.3742940173617626,0.21124261507002687,-0.6084239905907582,0.2987795968076284,0
-0.6281069997106254,0.805824628060269,-0.47918594418248045,0.2688961424810551,-0.4745200766998733,5
-0.49256558744897977,0.4953228815910705,-0.5007618366591213,0.7952882223241432,-0.03978437108433222,5
0.5607848164129524,0.20464039553479965,0.5262506452289833,1.3216803021672312,-1.245228354097389,4
0.09607140294445288,0.30373669759943744,0.034320296761571854,1.3216803021672312,-2.214081740024123,4
-1.4955720381851578,0.792611787784984,-1.4155796776686935,1.1462162755528684,-0.7839598465199029,5
0.6266192166543231,-0.3040539550636744,-0.543913621612403,-0.9593520438194837,-0.21795252303433132,2
0.8628485351674771,-0.845780406350361,1.1346908130702553,-2.01213620350566,0.6306330091013413,3
1.6373708909483096,0.6935154857203462,0.7161184990234228,0.6198241957097804,-0.4536341976044642,4
-1.5885147208788577,-0.7202584237351531,-1.5450350325285387,1.3216803021672312,0.9652325277205632,0
-1.0657121307267958,-1.1034307917184192,-1.0185832560985018,0.4443601690954178,0.9222424265825135,0
1.6683517851795429,-0.20495765299903657,1.6481970540143076,0.6198241957097804,-0.31439500363507383,4
-0.2640814924936342,-1.3742940173617626,-1.0358439700798145,-0.2574959373620329,0.8714587983375671,0
-0.7830114708667919,-1.4866031597016856,-0.7337814754068426,0.9707522489385059,-1.4652262805690255,0
1.31207150152036,1.1295392148047525,1.2209943829768188,-0.2574959373620329,0.3549780825958298,1
-0.9224254949073418,1.644839985540869,-0.897758258229313,0.09343211586669244,-0.49490314759483656,5
-1.452973308617212,-0.6409813820834429,-1.3594823572294272,0.2688961424810551,-0.029476802975209184,0
-0.45383946965993816,-0.39654383699066964,-0.4144582667525579,1.1462162755528684,0.2825350241778664,0
0.4020077334778817,-1.0043344896537816,0.366589040901841,-0.43295996397639563,0.14847862242844764,3
-0.08206873888513858,-0.8391739862127184,-0.8848127227433286,-0.2574959373620329,0.12678051470155058,0
-0.1014317977796594,-0.9514831285526413,-1.2127662883882695,-1.1348160704338464,2.2800953106612334,6
-0.329915892735005,0.7331540065462012,-0.3195243398553381,1.1462162755528684,-0.695388248133818,5
0.1967593091959611,-0.8391739862127184,-0.8848127227433286,-0.2574959373620329,0.4096488050057556,2
-1.0037503422643292,-1.0703986910302068,0.9922899227244257,-0.43295996397639563,-0.021219145221746706,3
-1.6001325562155702,0.475503621178143,0.49604439576168613,0.4443601690954178,-0.05680249479170204,5
-0.7752662473089836,0.5151421420039981,0.8671497463599088,-0.43295996397639563,0.5532779013405698,1
-0.6397248350473379,-1.0836115313054917,-0.6345323700142946,1.1462162755528684,-1.1718376956093561,0
0.04572744981869877,-0.5947364411199453,0.6254997506215313,-1.310280097048209,1.2373484580460206,3
-0.14015791556870102,-1.5658802013533957,-1.6140778884537894,-0.43295996397639563,0.7525833364861985,0
0.8202498055995312,0.6208448642062784,0.7808461764533454,0.2688961424810551,0.6886493399219213,1
0.8318676409362438,-1.2157399340583421,0.7981068904346581,-0.6084239905907582,0.13103504562839374,3
-0.9572790009174793,-0.19835123286139406,-1.5579805680145231,-1.4857441236625717,0.2536428914292178,6
1.2384918777211809,-0.3040539550636744,-0.845976116285375,-0.08203191074767024,-0.23678849177407935,2
0.6653453344433647,1.3739767598975257,0.9016711743225342,-0.2574959373620329,0.37690825564600877,1
0.6459822755488439,1.6382335654032265,-0.039037737659007046,0.4443601690954178,-1.2281715528361385,5
-0.08594135066404275,-1.4733903194264004,0.2500792215279804,0.09343211586669244,-0.5808833498709349,0
-0.5893808819215839,-0.01997788914504602,-0.5568591570983875,0.2688961424810551,-0.26252840388147636,0
0.6188739930965148,-1.479996739564043,0.5996086796495622,1.3216803021672312,-1.151396608383572,4
1.4514855255609096,0.7001219058579886,1.3375042023506793,-0.9593520438194837,0.011521404138000142,1
0.7970141349261063,-1.5130288402522556,-1.7003814583603527,-1.1348160704338464,0.8428374084660815,2
1.598644773159268,1.7307234473302218,1.5834693765843852,0.6198241957097804,-0.6339489537948252,4
-0.8488458711081627,0.40283299966407526,0.8800952818458934,0.09343211586669244,0.062459742598468655,1
0.21224975631157775,-0.3304796356142445,-0.8891279012386567,0.2688961424810551,0.38205237031209976,2
1.1649122539220016,1.3739767598975257,-0.44034933772452695,1.3216803021672312,1.6144546083797855,1
-1.7279287449194076,-0.6409813820834429,-1.6701752088930555,0.6198241957097804,-0.8850242948093524,0
0.9945173356502185,0.4821100413157855,0.7333792130047355,-0.7838880172051209,2.2103016646840756,1
0.7040714522324064,-1.5130288402522556,-1.7003814583603527,-1.1348160704338464,0.5550764075960083,2
-0.8372280357714502,-1.4866031597016856,-0.9926921851265328,0.09343211586669244,0.24590738065314074,0
-1.143164366304879,-0.0794356703838287,-0.164177914023524,-2.7139923099631105,1.7200443304732402,6
0.9325555471877519,-0.7797162049739358,1.074278314135661,-0.08203191074767024,0.08450594831028901,3
-0.000743891528151174,-0.22477691341196415,0.7290640345094074,-0.08203191074767024,7.1646835902152075,6
-0.4422216343232257,-1.31483623612298,1.1131149205936146,-1.836672176891297,0.38205237031209976,3
-1.5149350970796787,-1.1959206736454147,-1.4371555701453345,1.1462162755528684,-1.1872120232768097,0
-1.3522854023657038,0.09233125319487683,-1.2602332518368793,-1.1348160704338464,1.1769921352156778,6
-0.9301707184651501,-0.01997788914504602,1.0699631356403327,-0.9593520438194837,0.13503817245501354,3
-1.3755210730391287,1.3739767598975257,-1.2947546797995046,0.4443601690954178,0.012662391977471363,5
0.16190580318582365,-1.2223463541959847,-0.8416609377900468,0.09343211586669244,-0.6804393735590494,0
0.18514147385924862,0.39622657952643275,-0.19869934198614936,0.6198241957097804,-0.19153575373402734,5
-0.9146802713495334,-0.872206086900931,-1.1005716475097371,-1.310280097048209,1.000119681320672,6
0.5220586986239107,-1.4073261180499752,0.4830988602757016,0.7952882223241432,-0.1333066963671059,4
0.04185483803979461,1.2682740376952453,-0.7683029033694679,-1.6612081502769345,0.7131322315282057,2
-0.8527184828870669,-0.1454998717602539,-0.8114546883227496,1.3216803021672312,-1.5850493424904621,0
1.505702090465568,1.2682740376952453,-1.7090118153510092,-0.6084239905907582,0.40707674767271007,2
-1.0579669071689874,-0.3040539550636744,0.28460064949060576,-0.9593520438194837,-0.4232143014775414,0
0.8047593584839146,1.1097199543918248,0.7851613549486736,0.2688961424810551,-0.16614393961155363,1
1.029370841660356,-1.0439730104796365,0.9534533162664722,0.9707522489385059,0.2702162232669635,4
-1.1315465309681665,1.12293279466711,0.3363827914345438,0.09343211586669244,-0.5332132647133594,5
0.6033835459808982,-1.5658802013533957,1.000920279715082,0.09343211586669244,1.2177582770056044,3
0.6072561577598024,-0.08604209052147122,0.5737176086775932,-0.43295996397639563,0.20827412072752483,3
1.1223135243540558,-0.23798975368724917,1.0440720646683639,1.3216803021672312,-0.6844038228317885,4
-0.976642059812,0.39622657952643275,-0.949540400173251,-0.2574959373620329,0.2918176371091592,5
-0.9611516126963834,-0.6872263230469405,0.7506399269860482,0.09343211586669244,0.8972373879988442,3
-0.08981396244294691,-0.3172667953389594,-0.6906296904535608,-0.7838880172051209,0.4728285892693668,2
0.20450453275376942,1.2682740376952453,0.1465149376401043,0.7952882223241432,-0.4758931298626269,5
-0.08206873888513858,-0.6475878022210854,-0.06492880863097607,0.6198241957097804,-1.124457692105883,0
-1.2206166018829623,-0.6145557015328729,-1.1652993249396597,0.09343211586669244,-0.32425777987457316,0
-0.7907566944246003,0.8520695690237666,1.4842202711918373,-0.2574959373620329,0.08939865887615807,1
-1.1005656367369332,-1.6121251423168934,-1.048789505565799,0.4443601690954178,-0.3723146405709526,0
-0.3647693987451424,1.2550611974199604,-0.5352832646217467,-0.08203191074767024,5.9333256461022925,6
0.37489945102555255,-0.5220658196058775,0.33206761293921566,-1.1348160704338464,1.9910386117361665,6
-1.6543491211202286,-1.4139325381876178,0.8800952818458934,0.09343211586669244,0.11995392644166333,0
0.432988627709115,1.3739767598975257,1.14763634855624,0.9707522489385059,0.8759260558107516,1
-1.73954658025612,1.2682740376952453,0.6298149291168594,-0.9593520438194837,0.6329536623341648,1
-0.616489164373913,0.4622907809028579,-0.617271656032982,1.3216803021672312,-1.3032446849179675,5
-1.2477248843352915,1.367370339759883,1.5144265206591343,-0.7838880172051209,-0.07683746770174246,1
1.6644791734006386,1.7109041869172943,1.626621161537667,1.1462162755528684,-1.7395274926887243,4
-0.542909540574734,0.40283299966407526,-0.49644665816379313,0.2688961424810551,-0.8324228215320268,5
0.9557912178611769,1.3739767598975257,0.9016711743225342,-0.2574959373620329,0.6007159211748638,1
0.7892689113682979,0.9577722912260469,0.7592702839767045,1.1462162755528684,-0.993824253874878,4
1.6102626084959804,-1.3742940173617626,1.5964149120703697,0.2688961424810551,-0.25690081979188006,4
1.2539823248367974,-0.8061418855245059,0.32343725594855927,-1.1348160704338464,0.8828106604014601,3
1.5366829846968013,-0.5484915001564477,0.6384452861075157,-0.43295996397639563,0.48700391276652716,3
-1.1547822016415916,1.2682740376952453,0.017059582780259173,0.2688961424810551,-0.4054226266925633,5
-1.5342981559741995,-0.9779088091032114,-1.4457859271359907,1.3216803021672312,0.273194394915753,0
-0.8139923650980253,-0.08604209052147122,0.23281850754666772,-1.4857441236625717,1.1102153384411904,6
1.4747211962343347,1.1031135342541825,-0.09081987960294509,-2.889456336577473,-0.062468756435178935,2
0.3284281096787026,0.7001219058579886,-0.8157698668180777,-0.6084239905907582,0.5262036136242998,2
-0.6707057292785713,-0.7797162049739358,1.3116131313787105,-1.1348160704338464,0.11517724853743523,3
-1.0850751896213167,-1.1694949930948444,-1.0315287915844864,-2.538528283348748,1.8128704597861678,6
1.5250651493600889,0.2112468156724422,1.5101113421638062,0.09343211586669244,0.5572616893902494,4
1.459230749118718,-0.7995354653868634,1.203733668995506,-0.9593520438194837,-0.32663644943821646,3
1.102950465459535,0.15839545457130202,0.038635475256900025,0.6198241957097804,-1.0730939005527296,4
-0.8411006475503544,1.2220290967317478,-0.8071395098274214,1.3216803021672312,-0.8282456457129449,5
1.6606065616217345,0.6935154857203462,0.7161184990234228,0.6198241957097804,-0.5072606260596196,4
1.2849632190680307,1.1097199543918248,-0.2936332688833691,-0.08203191074767024,-0.22079532324453982,2
-0.5545273759114464,-0.45600161822945234,-0.5223377291357622,0.6198241957097804,-0.4658563046306668,0
0.9867721120924102,-0.6343749619458003,0.9189318883038469,-1.4857441236625717,0.9325886722455177,3
-1.0889478014002207,-1.3742940173617626,-1.0358439700798145,-0.2574959373620329,0.7069438229073439,0
0.9209377118510395,0.12536335388308942,-0.9840618281358764,0.2688961424810551,-0.33321163359788175,2
-0.593253493700488,0.40283299966407526,-0.5741198710797002,0.09343211586669244,0.28812393071358205,5
1.4863390315710472,-1.5989123020416083,1.4583292002198682,1.1462162755528684,-0.9551466999944923,4
1.3314345604148807,1.3211253987963856,-0.5611743355937157,0.09343211586669244,0.0826881032779108,2
-0.833355423992546,-0.5418850800188051,-0.798509152836765,1.1462162755528684,-2.171343042986296,0
0.8551033116096687,1.0832942738412548,0.8196827829112989,0.9707522489385059,-0.5363654853546106,4
0.12317968539678202,1.658052825816154,0.08178726021018173,1.1462162755528684,-0.4329030287245777,5
0.5685300399707607,1.5655629438891587,0.5391961807149678,0.9707522489385059,1.2309086453249367,1
-0.9572790009174793,-1.3875068576370477,-0.9365948646872666,0.4443601690954178,-1.0808487501057473,0
1.099077853680631,-0.9118446077267862,1.4324381292478992,0.09343211586669244,0.2580327937946415,3
-1.7008204624670784,0.8586759891614091,-0.6776841549675763,0.2688961424810551,-1.3054106279352695,5
-0.7675210237511753,0.667089805169776,-0.720835939920858,1.1462162755528684,-0.6738448506224435,5
0.33617333323651094,-0.5220658196058775,-1.2904395013041765,-0.2574959373620329,2.0839614349337934,6
-1.5071898735218703,1.2682740376952453,-1.7090118153510092,-0.6084239905907582,0.24256177224248737,5
-0.2989349985037717,1.2352419370070327,-0.28500291189271276,1.1462162755528684,-1.4053534271621875,5
0.34004594501541513,-0.7004391633222256,-0.5137073721451059,0.4443601690954178,-0.869591950811078,0
1.2888358308469348,0.7133347461332737,1.1907881335095216,-0.9593520438194837,0.6061307787181178,1
1.6451161145061177,-1.3544747569488351,1.6352515185283232,1.1462162755528684,-1.099916784168778,4
0.030237002703082123,-0.08604209052147122,0.23281850754666772,-1.4857441236625717,-0.15117572625984485,3
-0.9185528831284376,1.1295392148047525,-1.7219573508369936,-0.6084239905907582,1.117970187994209,6
-1.2089987665462498,1.0832942738412548,0.9059863528178623,-0.7838880172051209,0.6303622662241792,1
1.6063899967170763,1.7373298674678643,1.5920997335750415,1.1462162755528684,0.2894389675455154,4
-1.3677758494813204,0.6472705447568485,-1.2818091443135202,0.9707522489385059,-1.423918653024773,5
1.2694727719524141,0.02626705181845162,1.2727765249207568,0.6198241957097804,-0.6650650458915957,4
0.22386759164829023,-0.5947364411199453,-0.8804975442480003,-2.363064256734385,0.9934284644993643,6
-1.1044382485158375,1.0436557530153996,-1.0531046840611271,0.2688961424810551,-0.03206819908519524,5
-0.8720815417815877,-0.997728069516139,0.4054256473597945,-1.1348160704338464,-0.005225976692207168,3
1.435995078445293,-1.4337517986005452,1.1433211700609118,0.6198241957097804,-0.11068032734708037,4
-1.1083108602947416,1.4136152807233808,-1.0574198625564553,0.2688961424810551,0.1943115237767053,5
0.6421096637699397,-1.0968243715807768,-0.5050770151544495,-0.9593520438194837,0.030086630000585656,2
-0.32217066917719667,0.07251199278194925,-0.30657880436935364,0.6198241957097804,-0.6076095396022816,5
-0.22148276292568841,-1.4205389583252603,-0.20301452048147753,1.1462162755528684,-0.9024098552785852,0
-1.2709605550087164,0.8784952495743367,-1.2213966453789258,0.7952882223241432,0.7721348399727346,5
-1.259342719672004,0.19803397539715714,1.3979167012852738,0.09343211586669244,-0.6439277626959646,1
0.5336765339606232,-0.07282925024618618,0.5003595742570143,0.2688961424810551,-0.6075128457175811,4
-1.356158014144608,-0.7532905244233657,-1.2645484303322074,1.3216803021672312,-0.874484661376947,0
1.2578549366157015,0.43586510035228787,1.2555158109394442,-0.43295996397639563,-0.4768407299326964,4
-0.09755918600075524,1.3739767598975257,-1.027213613089158,0.7952882223241432,0.24026045778660438,5
-0.690068788173092,-1.31483623612298,1.1131149205936146,-1.836672176891297,0.10589463560614247,3
0.4755873572770608,0.006447791405524059,-1.0919412905190806,-0.08203191074767024,1.4670931280955146,2
0.04960006159760293,0.9115273502625493,-0.013146666687038023,-1.310280097048209,1.8726852968621845,6
-0.449966857881034,0.7067283259956312,-0.4101430882572297,0.7952882223241432,-0.9844449470588849,5
0.4717147454981566,1.605201464715014,0.4442622538177481,-0.2574959373620329,0.08307487881671473,1
0.03798222626089045,-0.6145557015328729,-1.0142680776031736,-0.43295996397639563,1.027735454791267,2
-1.3484127905867997,-0.7136520035975106,-1.251602894846223,0.4443601690954178,-1.2599451633488759,0
1.6915874558529678,-1.3742940173617626,0.5305658237243115,0.4443601690954178,-0.5234278435816213,4
-0.34153372807171745,-0.6740134827716555,-0.9107037937152975,-0.08203191074767024,0.3588458379838681,0
-0.27182671605144254,-1.31483623612298,1.1131149205936146,-1.836672176891297,0.6345007644893805,3
1.7070779029685843,0.4688972010405005,0.6686515355748129,-0.2574959373620329,1.0434385416667038,1
0.34391855679431926,1.0766878537036122,0.047265832247556365,0.09343211586669244,0.42131008750069165,1
-1.2980688374610456,-0.0464035696956161,0.24576404303265223,0.09343211586669244,0.36375788732667674,0
-0.07819612710623441,0.5613870829674957,0.5952935011542341,-0.9593520438194837,1.0101758453295722,1
1.3779059017617306,1.367370339759883,1.2080488474908342,-0.9593520438194837,0.36658134875994564,1
-0.9340433302440543,1.605201464715014,-0.3238395183506663,0.09343211586669244,0.7660044476826939,5
-0.5738904348059672,0.1187569337454469,-0.5395984431170748,1.1462162755528684,-0.46970472124176504,5
1.6296256673905012,-0.23138333354960666,1.6740881249862767,0.7952882223241432,0.19084988270441056,4
-0.19824709225226345,0.7133347461332737,1.1907881335095216,-0.9593520438194837,0.8381961020004353,1
